"","overall_rating","age","height_cm","weight_kgs","potential","value_euro","wage_euro","preferred_foot","ir1","ir2","ir3","ir4","ir5","weak_foot_1","weak_foot_2","weak_foot_3","weak_foot_4","weak_foot_5","skills_2","skills_3","skills_4","skills_5","work_rate_LL","work_rate_LM","work_rate_LH","work_rate_ML","work_rate_MM","work_rate_MH","work_rate_HL","work_rate_HM","work_rate_HH","release_clause_euro","club_rating","club_jersey_number","crossing","finishing","heading_accuracy","short_passing","volleys","dribbling","curve","freekick_accuracy","long_passing","ball_control","acceleration","sprint_speed","agility","reactions","balance","shot_power","jumping","stamina","strength","long_shots","aggression","interceptions","positioning","vision","penalties","composure","marking","standing_tackle","sliding_tackle"
"overall_rating",1,0.463648941102807,0.0630766983052423,0.181715313634587,0.635615657989312,0.599654395544567,0.551651723211096,-0.0334968541082192,-0.481762091043857,0.36066571553514,0.283797420378264,0.152509748557207,0.0642160232879685,0.00212119591942232,-0.103397201493768,-0.0975054359801359,0.212212208774453,0.0693362973246301,-0.457481193919019,0.297313144405776,0.321781055443509,0.111222323169447,0.138013260438163,0.0595699544907273,0.125035130263336,0.0249098411653974,-0.011337448460885,-0.0316131401241131,0.0901255241792017,0.00990555100600342,-0.243856700094874,0.587841146650928,0.620425189344681,-0.200637472547827,0.500779885659461,0.383452713024651,0.476425593501883,0.730536634819492,0.457425157469992,0.525977224703876,0.50734682702326,0.459348614951216,0.59381788343138,0.725017449867826,0.154514727553386,0.173652071221094,0.252946526413537,0.854494884688974,0.0686752134092521,0.568725548688077,0.232595991313719,0.468112458980671,0.351161409391646,0.511091793048947,0.455345294189505,0.331697163857187,0.444550874748723,0.534078753846652,0.400244327806284,0.81064170495253,0.309211215539109,0.264042152950881,0.225135502337359
"age",0.463648941102807,1,0.043951319694878,0.22117686767612,-0.274638103869215,0.0888729297003196,0.155187275775472,-0.00126306531280568,-0.284121171730651,0.244990254070662,0.11668848397544,0.0622467250941418,0.0261456069340267,0.0123485410754308,-0.0443986372086205,-0.0492958635627101,0.10439010391606,0.0141238297403286,-0.105297437570109,0.0843077051802273,0.041313106069158,0.0239608041973366,0.0691430050161679,0.0284568163173379,0.0128041843038264,0.0705917304525054,0.0213195483244446,0.0531932257251291,0.103437667849519,0.0221551088857293,-0.171802595226839,0.0744230495257728,0.0127103364810081,-0.238049204699216,0.267983385439307,0.151197911767089,0.353994902481202,0.314222155079688,0.25098520494154,0.112993895672354,0.265060046517333,0.309918285157883,0.311554125233809,0.262372696434843,-0.204873121538036,-0.19946504841186,-0.010434107792269,0.465631246544443,-0.0883310456486227,0.308593060902894,0.190856998784865,0.23305542272556,0.365790263539961,0.28359067748251,0.399990497368531,0.280965764891009,0.191285406752515,0.244220605948082,0.260126675918562,0.476690193430667,0.237933920802491,0.20502251350345,0.178264470864823
"height_cm",0.0630766983052423,0.043951319694878,1,0.440132196961114,0.0326880964886063,0.022012134391868,0.0327763419817316,0.0203405706031356,-0.0306927961203106,0.0239699003691434,0.0154937277697761,0.00879136808114055,0.0114812775563943,0.00387029002654739,0.045866556749103,0.00613185025713798,-0.0500563004252697,-0.0194163572658938,0.182160075366365,-0.145163856859211,-0.0772711669093197,-0.0234214690524046,-0.0300659762841327,-0.0377433460507424,-0.100718498673429,0.0768349459197674,0.0168940750230641,0.0980650475669538,0.0732267669773063,0.000950007539724281,0.00238961729646192,0.0223222813267541,0.0267266349071854,-0.0377493860857486,-0.272571143538043,-0.155900598314397,0.330644860729306,-0.106141609253352,-0.131721824495265,-0.259594243933712,-0.220103478303464,-0.189610382391111,-0.107736083205963,-0.161353412098876,-0.318234097488464,-0.235997565513734,-0.368230081955584,0.00859175280710309,-0.475064552499864,-0.0542975501614931,0.0349063296309837,-0.0550500765991086,0.386572083383979,-0.16242829260645,0.149561862788347,0.0958531148671695,-0.217805300331229,-0.20525193376448,-0.112655321941023,0.0203564862039272,0.111438642236615,0.112472463954006,0.0962534546353634
"weight_kgs",0.181715313634587,0.22117686767612,0.440132196961114,1,0.00894316103267388,0.0561283929250896,0.0750954628933919,0.0446125075259922,-0.0994112130085469,0.0896384292345363,0.0296960989348513,0.0275316882437416,0.0168420176160951,0.0074945524601383,0.0477441555672246,-0.00730743648835218,-0.0321889477120072,-0.0279470279962753,0.203771191940442,-0.161502593948688,-0.0903150640262068,-0.0178170110595978,-0.00272476995385007,-0.0360289645354938,-0.114988033514128,0.0944661866956231,0.0347585733528877,0.113705164534499,0.107300091294745,-0.0173884450931095,-0.0252424652632696,0.0518634118327496,0.0523021742461274,-0.0999749318165583,-0.252672947990591,-0.128655635407383,0.521116765985137,-0.0687446773370366,-0.0841749307160876,-0.277421842525155,-0.197017677915622,-0.153470765332204,-0.0792354750839915,-0.132540957226202,-0.418389939076023,-0.31287099980689,-0.491924281603329,0.118660989407977,-0.647428463678551,0.0463347160517883,0.108164952403654,0.023754497229513,0.724265824215476,-0.0985894297619841,0.319806614721924,0.178482131868963,-0.191171724645862,-0.1978657180208,-0.0557351059868095,0.117874349237296,0.187323260941292,0.178619135316375,0.152459849366921
"potential",0.635615657989312,-0.274638103869215,0.0326880964886063,0.00894316103267388,1,0.534942616638377,0.451427895166977,-0.0280493015393974,-0.325853860783539,0.219863811718787,0.22721961297215,0.12835749732748,0.0571438953808615,-0.0140636868487344,-0.0834941932313508,-0.0442234614072383,0.126594432639062,0.061673152436809,-0.355456274840378,0.209600644284876,0.291924316225784,0.0979359923480576,0.0781565236934694,0.0372439709120685,0.0908721521715898,-0.0159019617431709,-0.0230389197190612,-0.0595115559749406,0.0198962064433749,-0.00981292865080005,-0.103044578681955,0.536870524987765,0.688466053129502,0.0169963564573618,0.266448424929398,0.255950453499362,0.223915215550547,0.489972241425353,0.267182444602861,0.413664183739635,0.300758322235227,0.231383834063741,0.357668768738593,0.510546720638969,0.232660296738435,0.238248768512593,0.208215704715491,0.496965958630372,0.1192015193574,0.328167905318258,0.0641888212383316,0.198267296161574,0.0521248035987626,0.28278946022657,0.150991982963973,0.123804257948669,0.273562158511244,0.349447266524113,0.228063011608569,0.466450111150176,0.14047418601235,0.117327458892969,0.100865977413671
"value_euro",0.599654395544567,0.0888729297003196,0.022012134391868,0.0561283929250896,0.534942616638377,1,0.868646382044972,-0.00669089648190991,-0.487217968298404,0.249567396440735,0.420548842968127,0.330662639416229,0.219954824526555,-0.00567230579063882,-0.0649895865875274,-0.0849776825759682,0.154060314241941,0.0778087638934308,-0.234370848054818,0.0461900334922941,0.352359095694469,0.197532891805491,0.112515937966621,0.033217748752684,0.0833396398727957,-0.0190007376495376,-0.0132979479082984,-0.0367274962810784,0.0254991720608764,-0.0012508929635932,-0.12708298657982,0.994715926748553,0.547379016752369,-0.0833016433530253,0.284941690952514,0.281033754577333,0.227939184221133,0.430954147111932,0.318741702129104,0.358630278989894,0.316430525049335,0.283924719110429,0.333643182304678,0.450551303306515,0.164439508711943,0.164898864456486,0.19012304345923,0.527284127970963,0.10741594756646,0.33337425397569,0.101163621477099,0.253087317856836,0.116445707237064,0.313758589066304,0.186410022119177,0.125928566377799,0.305457273097477,0.356934493716075,0.268038029115624,0.476714954103481,0.124626095987953,0.0945655957898686,0.0709041211911918
"wage_euro",0.551651723211096,0.155187275775472,0.0327763419817316,0.0750954628933919,0.451427895166977,0.868646382044972,1,-0.00676280180938327,-0.501823619931893,0.258060279456039,0.409487976358078,0.384348618039531,0.253907450899969,-0.00338489240925648,-0.0614616071153373,-0.0657264079676402,0.129104652545826,0.0651070507855523,-0.20543106180352,0.0576004227971077,0.275463065656278,0.163466639925744,0.106135397207776,0.0241486970438856,0.0639879435150665,-0.00773850660629172,-0.0115236016637035,-0.0242936076231941,0.0386755757599236,-0.00214594955103298,-0.121008224518614,0.865391071939775,0.55406365618551,-0.0790996914257325,0.271814961319316,0.238442608664625,0.23983311975338,0.393244577289594,0.287702453265714,0.313539637182687,0.291097086287311,0.257529684114523,0.308818356046124,0.405882658534158,0.107824792202558,0.11219325565318,0.14877096683215,0.488272948750006,0.0784243090315259,0.309777799704553,0.10920647770633,0.209528188556138,0.12860214101927,0.282312767197891,0.202988873269536,0.147837870344727,0.268049911699716,0.318603690054558,0.252219284085388,0.446216495269078,0.142369392778771,0.118015013883335,0.100041069712814
"preferred_foot",-0.0334968541082192,-0.00126306531280568,0.0203405706031356,0.0446125075259922,-0.0280493015393974,-0.00669089648190991,-0.00676280180938327,1,-0.00590142428853322,0.00420509631872465,0.00425144659480493,0.00058947418161089,0.00201917175414392,-0.031363621017309,-0.118601197878915,0.0404363495507422,0.0714266706281133,0.0116351289879455,0.0531249416250477,-0.039571278150705,-0.0274674348299267,-0.0102920036148217,0.0165649233004561,-0.0168098708023152,-0.0540673088200055,0.032733467411317,0.0140863885733708,0.0229343077368233,0.0392404445901705,0.0110189964663726,-0.00746376591248725,-0.00808172499052506,-0.0392599952015252,0.0143488243966472,-0.191783191139451,0.0303518790517566,0.0689527195077784,-0.0342786054030582,0.0166252215758365,-0.0811374291525018,-0.12480276678571,-0.113866714085675,-0.053988598978336,-0.0528721237299641,-0.0653695391859403,-0.0618323392488513,-0.0588084008482911,-0.0115486956830242,-0.0511284928881863,-0.00339097380844979,0.0551106842030646,-0.0179095016292525,0.0604555461790777,-0.0181195690220491,0.0157005710585809,-0.0528661123609995,-0.0300089936294025,-0.0230627774070526,0.00932842549272287,-0.00974359741035465,-0.0509753177087082,-0.0613288348932288,-0.0752058463099422
"ir1",-0.481762091043857,-0.284121171730651,-0.0306927961203106,-0.0994112130085469,-0.325853860783539,-0.487217968298404,-0.501823619931893,-0.00590142428853322,1,-0.871385770305611,-0.418204954326933,-0.168879668030028,-0.0562222975852929,-0.00699711168257992,0.048333882479392,0.0796403521246776,-0.137816934441213,-0.0477808688643623,0.178875135518814,-0.0476094385421472,-0.246824237042711,-0.135504241814331,-0.0777663562724016,-0.0348973041566496,-0.0315039204935695,-0.00106549929484221,0.000376044142212463,0.00772040783869182,-0.0411813662180533,-0.0303150858615849,0.112619415270854,-0.474198979039797,-0.40464173163742,0.057339087696722,-0.265075292349694,-0.215081030998588,-0.2484732583678,-0.359960425954722,-0.305566353152755,-0.268765344948301,-0.303200243033699,-0.277262162411047,-0.301175393570504,-0.35871631255963,-0.00488952092593621,-0.00226534381765357,-0.0852622616571488,-0.444327391194414,-0.039921488085156,-0.317132786315065,-0.110106573055665,-0.104818910346711,-0.13717144475524,-0.278169656918485,-0.227279280646539,-0.151392766675725,-0.24740933622427,-0.306247156014974,-0.281058189377233,-0.439065481285673,-0.144027035016808,-0.114607122273192,-0.0962219637094173
"ir2",0.36066571553514,0.244990254070662,0.0239699003691434,0.0896384292345363,0.219863811718787,0.249567396440735,0.258060279456039,0.00420509631872465,-0.871385770305611,1,-0.0362904692584856,-0.0146548297374685,-0.00487878859647718,0.0117360950689397,-0.038449017599486,-0.0589780059684266,0.109620678925774,0.0180182506897884,-0.150067375907339,0.0599875628432813,0.177790473506437,0.0618292899470445,0.0537323968614014,0.0228430688188168,0.0233542373939657,0.00357243175658253,0.0032487039625448,0.000418871578248111,0.0366780127355313,0.0269572067914216,-0.089701538409424,0.240679811360212,0.29494866386724,-0.044916513803056,0.211092680617591,0.157317064454279,0.200342461450063,0.277866970869841,0.231898446568068,0.199865751100502,0.23639036646528,0.216134556531531,0.237392336298431,0.272017362832828,-0.0195924808139637,-0.0228438047222851,0.0538143180049694,0.338741296290859,0.0209686101348747,0.257201054027571,0.0884656894565457,0.0696081966961106,0.117762859574897,0.220059971404645,0.197033848191603,0.130380541689122,0.187802574622545,0.232413693469505,0.212973458865053,0.337020595754011,0.122893221661242,0.101582132875041,0.0860438773524016
"ir3",0.283797420378264,0.11668848397544,0.0154937277697761,0.0296960989348513,0.22721961297215,0.420548842968127,0.409487976358078,0.00425144659480493,-0.418204954326933,-0.0362904692584856,1,-0.00703330558046355,-0.00234148138710702,-0.00646173453646483,-0.0248977724366496,-0.045606821276016,0.0664518147670842,0.0609884655816486,-0.0821296183640719,-0.00746045947235933,0.160569901888331,0.119866213596579,0.0577798574493304,0.0276542806123299,0.0123175546005985,-0.00369383149768424,-0.00611141790460621,-0.0134356315604598,0.0177045931336271,0.00943654222875903,-0.056843508708808,0.411942532494972,0.252029328736871,-0.0254343539160228,0.134086823948502,0.13018066199652,0.124505953941531,0.200245555074428,0.172221953796629,0.163363552045259,0.162731454401113,0.145178994163522,0.157471137274722,0.205323520902828,0.0389183902964709,0.0405961708289568,0.0626367384803404,0.252176347340745,0.0373779958333086,0.155404057551328,0.0582200346912387,0.0764444511722522,0.0549530899019182,0.14391706634981,0.0954353988618011,0.067937247531327,0.140211590762144,0.172775286030289,0.1577988334423,0.246665604383703,0.0660496712310102,0.0477415203733783,0.039115737782528
"ir4",0.152509748557207,0.0622467250941418,0.00879136808114055,0.0275316882437416,0.12835749732748,0.330662639416229,0.384348618039531,0.00058947418161089,-0.168879668030028,-0.0146548297374685,-0.00703330558046355,1,-0.00094553781647454,-0.00260937985579974,-0.0125192535674396,-0.0270891162628304,0.0444056962267048,0.0133154493789132,-0.0373431493995418,-0.0107317640536053,0.0821783304268297,0.0798892132819478,0.0219258702696587,0.00643284800338418,0.0246471543249075,-0.00143748666379948,-0.0024679148734231,-0.00982233056293926,0.00477127726047314,0.0022325837727126,-0.0322274643336469,0.325487361975023,0.13603306135398,-0.027377110658613,0.0776934852178528,0.0721317979916953,0.0638759335219772,0.105797441822221,0.0982560812138814,0.0776799344563629,0.0894739611027169,0.088220633023052,0.0898414728754231,0.110839826110124,0.0180610149856587,0.0169460284724944,0.0389334695083105,0.134536675717041,0.019767546583105,0.0836846548296721,0.0236647084708471,0.0386514662099355,0.0369138642222153,0.0788719711433776,0.0433055134518575,0.0311432253639046,0.0758407583703876,0.100353909102198,0.0934903556876149,0.129391209806715,0.0307941258060227,0.0196519841480273,0.0167695720891162
"ir5",0.0642160232879685,0.0261456069340267,0.0114812775563943,0.0168420176160951,0.0571438953808615,0.219954824526555,0.253907450899969,0.00201917175414392,-0.0562222975852929,-0.00487878859647718,-0.00234148138710702,-0.00094553781647454,1,-0.00086869741323601,-0.00828237339077315,-0.0238350203072959,0.0308875613736883,0.0274904335952254,-0.0187499673586904,-0.00758066830319707,0.0106215700867811,0.185369979417719,-0.00443389385779249,0.0138873805250337,0.00920114382101979,-0.00293061147434941,-0.000821601830743135,-0.00326998506292953,-0.00610270596209979,0.0262609965761357,-0.0170423638336426,0.215849675399434,0.045287223418286,-0.0123301567282151,0.0330418545606502,0.0444431251494448,0.030829549462157,0.0378298079083466,0.0478197298820659,0.0405022113364354,0.0405089987811782,0.0448988823087023,0.0306726421194888,0.0497695080955349,0.0227803004459215,0.0182538038094838,0.0291961348788111,0.0596180188699935,0.0111338815366717,0.0369194495668468,0.00978485899997829,0.01785048621905,0.00962427282338978,0.0402419499565682,0.00982212570170684,-0.0198016176364267,0.043652462521076,0.041076650726985,0.0438023054198908,0.0549973429586182,-0.016212903379652,-0.0177953750813782,-0.0195947846637462
"weak_foot_1",0.00212119591942232,0.0123485410754308,0.00387029002654739,0.0074945524601383,-0.0140636868487344,-0.00567230579063882,-0.00338489240925648,-0.031363621017309,-0.00699711168257992,0.0117360950689397,-0.00646173453646483,-0.00260937985579974,-0.00086869741323601,1,-0.0228566831569736,-0.0657769797979417,-0.021422792403925,-0.00594704618011447,0.0179406281058179,-0.0146331420917436,-0.0067873659518592,-0.00280561890180443,-0.00128042787828961,0.0152932545145437,-0.0110552758108703,-0.0080875438434131,0.0256165650901186,0.0415752139060396,-8.48956444538282e-05,-0.0120329987820001,-0.00576648414017714,-0.00568731526790352,-0.00906574758561993,-0.0144516538340866,0.00103911569261507,-0.0146816707894957,0.00581408239417078,-0.00757371355861565,-0.0101368424805292,-0.0157488620788569,-0.00257496402887693,0.00110103037359737,-0.00023996659125142,-0.017958567256795,-0.0105683964344667,-0.00696222525735116,-0.00734264627343428,-0.00229277031719124,-0.0103624413341052,-0.00359453886961263,-0.000933215648653459,0.00498716575723978,0.00598658331187714,-0.00516254927417519,0.00851101845815142,0.00871611747690941,-0.0100966400811971,-0.0122495019034869,-0.00290346030260239,-0.000508634278008343,0.0151486042017681,0.016427229484262,0.0165405452869235
"weak_foot_2",-0.103397201493768,-0.0443986372086205,0.045866556749103,0.0477441555672246,-0.0834941932313508,-0.0649895865875274,-0.0614616071153373,-0.118601197878915,0.048333882479392,-0.038449017599486,-0.0248977724366496,-0.0125192535674396,-0.00828237339077315,-0.0228566831569736,1,-0.627133796996683,-0.204250137112036,-0.0567005913513609,0.14242727370325,-0.116534175910919,-0.0534315630858795,-0.0209995425903058,-0.0370814677436576,-0.0264309365954415,-0.0466243039872719,0.0699439688706355,-0.00029699447923715,0.0862207083747405,0.0155994424328984,-0.017662967685411,0.0104081053958775,-0.0636463350074309,-0.0530122609555125,0.016705828856094,-0.120482497039925,-0.209180081332082,0.00681353673144775,-0.1556906812585,-0.183868155355253,-0.182933865270681,-0.157648514866614,-0.151860077494577,-0.11845374766247,-0.197371395153313,-0.0847077450490334,-0.0714623389442652,-0.14249126876992,-0.100209816412832,-0.0994321251888642,-0.16559578928792,0.000500416824858641,-0.0409230314898174,0.0388139712863655,-0.198885405335783,0.029766450149029,0.0790395717884305,-0.184636144441995,-0.205373644033865,-0.171301168806575,-0.132916698210708,0.0832044588152508,0.0963877336389868,0.102254005321182
"weak_foot_3",-0.0975054359801359,-0.0492958635627101,0.00613185025713798,-0.00730743648835218,-0.0442234614072383,-0.0849776825759682,-0.0657264079676402,0.0404363495507422,0.0796403521246776,-0.0589780059684266,-0.045606821276016,-0.0270891162628304,-0.0238350203072959,-0.0657769797979417,-0.627133796996683,1,-0.587791196573775,-0.163173003984697,0.0726007367251252,-0.0204245556887319,-0.104822171024798,-0.0263655957041126,-0.0385424850798029,-0.0215633813941549,-0.0306091544663636,-0.0102491424844698,-0.0138702904143631,-0.0323522435085313,0.0197953606986646,-0.017198528114428,0.0630135461074435,-0.080989200688685,-0.0489362359426563,0.0119911100148903,-0.0717964398811293,-0.042390723046909,-0.00439943009365446,-0.0427863177259107,-0.0782198162564711,-0.0622969293647833,-0.0900233995632425,-0.0789292169608849,-0.0324566148167826,-0.0530397104985014,-0.056833906320516,-0.0506947745493834,-0.0478931602031489,-0.0791473304056399,-0.0347882470062968,-0.0598219175818349,-0.0100832246542041,-0.045018063582319,-0.00666388415443879,-0.0525097072691746,-0.0252204947846542,-0.00422683389902591,-0.0530756966216173,-0.0436125736511801,-0.04780843858517,-0.0746230206711194,0.00218650634209625,0.00351232640736633,0.0118766208914623
"weak_foot_4",0.212212208774453,0.10439010391606,-0.0500563004252697,-0.0321889477120072,0.126594432639062,0.154060314241941,0.129104652545826,0.0714266706281133,-0.137816934441213,0.109620678925774,0.0664518147670842,0.0444056962267048,0.0308875613736883,-0.021422792403925,-0.204250137112036,-0.587791196573775,1,-0.0531435374659506,-0.223463512106496,0.140720189018349,0.167651364060547,0.0499457388552717,0.0793650404151554,0.050941074000601,0.0874454708559994,-0.0562834276620729,0.0131180053994932,-0.0508354421703237,-0.037944143115903,0.0403655151563757,-0.0875310355952407,0.148022308124243,0.103771184958808,-0.0277256254480351,0.197827158388324,0.251443350015522,0.00443125781569999,0.198597263786597,0.27177143023009,0.247347418885429,0.256471417170979,0.239163276414815,0.149139200106991,0.251338901495318,0.147939009124813,0.128555928610908,0.192009376587121,0.187751130401272,0.131742090726902,0.229608939580018,0.0175027904492213,0.0943880453341846,-0.0225349313805997,0.252119475004779,0.010024045930859,-0.070626349582061,0.240665217507166,0.249879310003066,0.222945317930272,0.213789090876993,-0.0834461426791396,-0.0971496312029714,-0.1134647293286
"weak_foot_5",0.0693362973246301,0.0141238297403286,-0.0194163572658938,-0.0279470279962753,0.061673152436809,0.0778087638934308,0.0651070507855523,0.0116351289879455,-0.0477808688643623,0.0180182506897884,0.0609884655816486,0.0133154493789132,0.0274904335952254,-0.00594704618011447,-0.0567005913513609,-0.163173003984697,-0.0531435374659506,1,-0.0683276151051827,0.0291343177935389,0.0789643069476594,0.0206589467536373,0.030001724740273,0.00839533416719961,0.00801157849680503,-0.00698231206622842,0.00575425581261802,-0.00763710365716553,-0.012717029032507,0.00644953152180423,-0.0145818858835998,0.0760780547212856,0.0509052071561161,-0.0105185074304694,0.0657454698566786,0.0740227972993803,-0.0201816574514662,0.0635546999199602,0.0721201924706846,0.0826355029188911,0.079247807760406,0.0679194754071728,0.0517253866955376,0.0804795607903438,0.0491086488785449,0.0401241472695474,0.0618405114132944,0.0625166645435404,0.0576502147090262,0.0666736733030938,-0.01457199200047,0.01956694941834,-0.0309294910863273,0.0755902464579428,-0.0286237636013563,-0.0230598499186436,0.0693815375788009,0.0705291329174079,0.0570325937505649,0.0685330123464334,-0.0253536235440883,-0.0313536155560968,-0.0336000623495019
"skills_2",-0.457481193919019,-0.105297437570109,0.182160075366365,0.203771191940442,-0.355456274840378,-0.234370848054818,-0.20543106180352,0.0531249416250477,0.178875135518814,-0.150067375907339,-0.0821296183640719,-0.0373431493995418,-0.0187499673586904,0.0179406281058179,0.14242727370325,0.0726007367251252,-0.223463512106496,-0.0683276151051827,1,-0.881258205074464,-0.264554774814757,-0.0605564861000294,-0.104926680489769,-0.113967477011503,-0.214871581297638,0.127290400457951,0.00562458887799944,0.141159537761328,0.133660785228586,-0.117750832881329,0.146118982945531,-0.228047838435857,-0.289271075790348,0.0281760176722407,-0.538995217475508,-0.58054625031864,0.0992160876609811,-0.4940426275073,-0.567266738310372,-0.701736011870785,-0.604601493129156,-0.511209137877509,-0.37344147590197,-0.6620528971463,-0.428669596650253,-0.380665974903397,-0.520948767891905,-0.393105199706018,-0.381145036011545,-0.512311958494981,0.046600763030721,-0.210939971207635,0.164808289093463,-0.58342592054614,0.0616046380858867,0.164661147943579,-0.612735230486441,-0.604689426832457,-0.471658260561425,-0.454964597235238,0.183035965521701,0.204827066027213,0.224179136499992
"skills_3",0.297313144405776,0.0843077051802273,-0.145163856859211,-0.161502593948688,0.209600644284876,0.0461900334922941,0.0576004227971077,-0.039571278150705,-0.0476094385421472,0.0599875628432813,-0.00746045947235933,-0.0107317640536053,-0.00758066830319707,-0.0146331420917436,-0.116534175910919,-0.0204245556887319,0.140720189018349,0.0291343177935389,-0.881258205074464,1,-0.208750666989678,-0.0477829473037626,0.088078553978883,0.0692278058441858,0.168171055762485,-0.108296111606135,-0.00261779879798602,-0.121388262469495,-0.103368899509236,0.0943027049461602,-0.104356771560697,0.0411938517673697,0.166945354859977,-0.0213515070055933,0.410768231658597,0.445240889546211,-0.0805212615589641,0.36125352385475,0.420239202706446,0.532668892757911,0.448803227786224,0.373243909424442,0.275187558294126,0.490788570628658,0.316369078680001,0.28419205553529,0.387875759473834,0.256067466017397,0.285036976590633,0.393123948596811,-0.02729570070481,0.167271068378222,-0.124987687048327,0.447557474732153,-0.0520750569568421,-0.122587209952313,0.475450739701704,0.450104870518244,0.350672694464883,0.302237664472781,-0.136330750570724,-0.151815562835998,-0.161988651765947
"skills_4",0.321781055443509,0.041313106069158,-0.0772711669093197,-0.0903150640262068,0.291924316225784,0.352359095694469,0.275463065656278,-0.0274674348299267,-0.246824237042711,0.177790473506437,0.160569901888331,0.0821783304268297,0.0106215700867811,-0.0067873659518592,-0.0534315630858795,-0.104822171024798,0.167651364060547,0.0789643069476594,-0.264554774814757,-0.208750666989678,1,-0.0143444983446868,0.039663503166135,0.0906185267042227,0.0982457539962754,-0.0413497924467962,-0.00581079694540966,-0.0431405971416228,-0.0643914681712668,0.0456846775959894,-0.0853796320964833,0.350769495012476,0.242860906781227,-0.0130787865884956,0.264850369306145,0.28228128300125,-0.0379025323681053,0.2736054122043,0.301426916483223,0.348614662088181,0.319686701367959,0.282835226615094,0.201878910016518,0.35133469459649,0.229946117351884,0.197358314821993,0.272131349590753,0.276300722947532,0.197700623502326,0.247269755385683,-0.0385908211749367,0.0907249312448148,-0.0824515438916795,0.282256794255548,-0.0211794557389719,-0.0860577865468241,0.286557193977479,0.318719943891864,0.2487705900315,0.30859103304845,-0.0957585734575644,-0.108296832162617,-0.126344376913454
"skills_5",0.111222323169447,0.0239608041973366,-0.0234214690524046,-0.0178170110595978,0.0979359923480576,0.197532891805491,0.163466639925744,-0.0102920036148217,-0.135504241814331,0.0618292899470445,0.119866213596579,0.0798892132819478,0.185369979417719,-0.00280561890180443,-0.0209995425903058,-0.0263655957041126,0.0499457388552717,0.0206589467536373,-0.0605564861000294,-0.0477829473037626,-0.0143444983446868,1,-0.00495046414262009,0.0262490092469944,0.0247071856984976,-0.00946495157117019,-0.00265351501105921,-0.010561021319262,-0.012544455783867,0.0287096526996294,-0.026367568602339,0.191846221532185,0.089117048798781,-0.0084663061550088,0.0814898670840386,0.0759189095611659,-0.0174790678444203,0.0788625147650451,0.0961868989899738,0.108725674918464,0.101227186865769,0.0875866921183507,0.0617154837163902,0.111304280610294,0.0740504215372867,0.0659648001049702,0.0908620206484197,0.091299561189408,0.0614640104155687,0.0727136677009221,-0.0131008189738619,0.0291116057973195,-0.0241371988625378,0.0812410564038154,-0.00266720048632014,-0.028649539961765,0.0794835287904984,0.0947736151423629,0.0767538519692271,0.101218253768663,-0.0308949791297304,-0.0363032957576423,-0.0434125782797428
"work_rate_LL",0.138013260438163,0.0691430050161679,-0.0300659762841327,-0.00272476995385007,0.0781565236934694,0.112515937966621,0.106135397207776,0.0165649233004561,-0.0777663562724016,0.0537323968614014,0.0577798574493304,0.0219258702696587,-0.00443389385779249,-0.00128042787828961,-0.0370814677436576,-0.0385424850798029,0.0793650404151554,0.030001724740273,-0.104926680489769,0.088078553978883,0.039663503166135,-0.00495046414262009,1,-0.0525578403969603,-0.122866383066738,-0.0412794034212168,-0.0115727498236133,-0.0460596820068027,-0.0859602385288917,-0.0614172882034811,-0.240051817887687,0.108885234201211,0.0740641638157163,-0.0382405569774416,0.130278903140682,0.116401472226377,0.0384567389978856,0.132373467836823,0.121188776128644,0.132638546122506,0.119812121763443,0.092982101548711,0.110084516643522,0.132684291434017,0.100081207746502,0.100184282780464,0.103050890168811,0.148555979948625,0.0731627993846594,0.134709300461492,0.0703136181545947,0.242157345829415,0.0540459886345612,0.132729053004299,0.145849247033469,0.0839796055155163,0.159149216314365,0.15147626815931,0.0791200612691928,0.142205120033114,0.0718080995881669,0.0701240205352846,0.0567176017048462
"work_rate_LM",0.0595699544907273,0.0284568163173379,-0.0377433460507424,-0.0360289645354938,0.0372439709120685,0.033217748752684,0.0241486970438856,-0.0168098708023152,-0.0348973041566496,0.0228430688188168,0.0276542806123299,0.00643284800338418,0.0138873805250337,0.0152932545145437,-0.0264309365954415,-0.0215633813941549,0.050941074000601,0.00839533416719961,-0.113967477011503,0.0692278058441858,0.0906185267042227,0.0262490092469944,-0.0525578403969603,1,-0.103397521029753,-0.0347384522666591,-0.00973898322219807,-0.0387612691124411,-0.0723393604431724,-0.0516853771560969,-0.20201427167259,0.0300467792742597,0.0122249885531954,0.0186829258147554,0.0517759198861535,0.186844796497494,-0.00222215858524751,0.0164965347816256,0.156368439816265,0.129490542107485,0.105233995726066,0.0868904697978119,-0.0252486963830055,0.100831180778068,0.112852584726407,0.106124671371583,0.113758171447619,0.0376257983035484,0.0641444443822914,0.116794050350078,-0.00893153113225535,-0.0320446843651869,-0.0515284950454903,0.131483754811263,-0.113789044128426,-0.190559770926969,0.153449814572009,0.0888594328944721,0.163353208679382,0.0570199505340459,-0.191398945852744,-0.212186834134255,-0.206855979808117
"work_rate_LH",0.125035130263336,0.0128041843038264,-0.100718498673429,-0.114988033514128,0.0908721521715898,0.0833396398727957,0.0639879435150665,-0.0540673088200055,-0.0315039204935695,0.0233542373939657,0.0123175546005985,0.0246471543249075,0.00920114382101979,-0.0110552758108703,-0.0466243039872719,-0.0306091544663636,0.0874454708559994,0.00801157849680503,-0.214871581297638,0.168171055762485,0.0982457539962754,0.0247071856984976,-0.122866383066738,-0.103397521029753,1,-0.0812093486167625,-0.0227671767755573,-0.090613634482545,-0.16911036495951,-0.120826793883584,-0.472256141059174,0.0826579516818631,0.0621501565807638,-0.00762248377366118,0.230227204020389,0.199583344677468,-0.0480464879187399,0.0988916602144003,0.170102405533169,0.244380672358197,0.203069218292931,0.138704724070063,0.0463662873129587,0.186237646158947,0.278579374638634,0.274497952002787,0.237139591425797,0.107271816044108,0.178375919250076,0.154328200042522,0.0105352587093924,0.147962908883129,-0.0858331976051751,0.177310528470049,-0.0291963264467124,-0.0903171196322948,0.254790025014478,0.159086769405992,0.132661589178008,0.105493303763984,-0.0876105051714214,-0.0952074508134476,-0.0923025035097554
"work_rate_ML",0.0249098411653974,0.0705917304525054,0.0768349459197674,0.0944661866956231,-0.0159019617431709,-0.0190007376495376,-0.00773850660629172,0.032733467411317,-0.00106549929484221,0.00357243175658253,-0.00369383149768424,-0.00143748666379948,-0.00293061147434941,-0.0080875438434131,0.0699439688706355,-0.0102491424844698,-0.0562834276620729,-0.00698231206622842,0.127290400457951,-0.108296111606135,-0.0413497924467962,-0.00946495157117019,-0.0412794034212168,-0.0347384522666591,-0.0812093486167625,1,-0.0076490855466129,-0.030443451495076,-0.0568159882600358,-0.0405941628972956,-0.158663836912493,-0.0193350024974743,0.00914841976644721,-0.013675054553583,-0.12599936034571,-0.16604615201223,0.107849313937168,-0.039116834668497,-0.13492642065595,-0.171408461112217,-0.125494328436335,-0.0961406767647421,-0.0142719540158273,-0.108266329088726,-0.153219392351989,-0.152207784767585,-0.138846592129225,0.0135577350004672,-0.114418336383254,-0.093116122528773,0.0575636204397622,-0.0022138976907556,0.104255036833705,-0.128473463371363,0.106434224159397,0.140663679387709,-0.182856146985558,-0.132340339819043,-0.107715136402412,0.00500408937619544,0.140399236424646,0.140950340797107,0.137631215492615
"work_rate_MM",-0.011337448460885,0.0213195483244446,0.0168940750230641,0.0347585733528877,-0.0230389197190612,-0.0132979479082984,-0.0115236016637035,0.0140863885733708,0.000376044142212463,0.0032487039625448,-0.00611141790460621,-0.0024679148734231,-0.000821601830743135,0.0256165650901186,-0.00029699447923715,-0.0138702904143631,0.0131180053994932,0.00575425581261802,0.00562458887799944,-0.00261779879798602,-0.00581079694540966,-0.00265351501105921,-0.0115727498236133,-0.00973898322219807,-0.0227671767755573,-0.0076490855466129,1,-0.00853487256888837,-0.0159284573811644,-0.0113806414960916,-0.0444816721769553,-0.0138566002019452,-0.025463047950832,-0.000719741787742424,-0.00698327177948716,0.0234068608410815,0.00418073563017272,-0.0044562235658661,0.0261873088816293,-0.00381653080825398,0.00672168507879754,0.0080595676046894,-0.00347636001516854,-0.00368766635150868,-0.0239469888253665,-0.0201006717714206,-0.0214576616252354,-0.00630634861694214,-0.021697419175425,0.0265037134438959,-0.0174269332364486,-0.0243332894812718,0.0246434442338369,0.0180776545882222,-0.00833357874008315,-0.0305778729749516,0.0137907206921905,0.0102753936644454,0.0205392610460768,0.00792761581969676,-0.0331824118434025,-0.0246419641332902,-0.0299146571317924
"work_rate_MH",-0.0316131401241131,0.0531932257251291,0.0980650475669538,0.113705164534499,-0.0595115559749406,-0.0367274962810784,-0.0242936076231941,0.0229343077368233,0.00772040783869182,0.000418871578248111,-0.0134356315604598,-0.00982233056293926,-0.00326998506292953,0.0415752139060396,0.0862207083747405,-0.0323522435085313,-0.0508354421703237,-0.00763710365716553,0.141159537761328,-0.121388262469495,-0.0431405971416228,-0.010561021319262,-0.0460596820068027,-0.0387612691124411,-0.090613634482545,-0.030443451495076,-0.00853487256888837,1,-0.0633954499161785,-0.0452950885772918,-0.177037584569656,-0.0358445260568298,-0.0236904908128653,-0.0192988684059766,-0.157909374785556,-0.200100312799626,0.098102493877023,-0.100156469652497,-0.163425691484761,-0.228024659530772,-0.154387093336298,-0.122438617536029,-0.055067467498069,-0.173388386605449,-0.211290587160813,-0.195010186049376,-0.210341781848524,-0.046457317666952,-0.162192533782087,-0.12684803798809,0.0167305533613155,-0.0784839848210427,0.112409724125983,-0.168763287722795,0.0709576732038543,0.125774410881335,-0.229389265181533,-0.168286174826891,-0.137025555555911,-0.04443664066898,0.125701984150602,0.131632206797085,0.128970136951828
"work_rate_HL",0.0901255241792017,0.103437667849519,0.0732267669773063,0.107300091294745,0.0198962064433749,0.0254991720608764,0.0386755757599236,0.0392404445901705,-0.0411813662180533,0.0366780127355313,0.0177045931336271,0.00477127726047314,-0.00610270596209979,-8.48956444538282e-05,0.0155994424328984,0.0197953606986646,-0.037944143115903,-0.012717029032507,0.133660785228586,-0.103368899509236,-0.0643914681712668,-0.012544455783867,-0.0859602385288917,-0.0723393604431724,-0.16911036495951,-0.0568159882600358,-0.0159284573811644,-0.0633954499161785,1,-0.084533293515058,-0.330401607981984,0.0251248963388799,0.0347693569318178,-0.0535096917854117,-0.0630970915275757,-0.166695403606682,0.142611022227281,0.0497783658858903,-0.133250947719352,-0.119774574226044,-0.107078212301216,-0.0691800765013459,0.0900616327962925,-0.0436649872634871,-0.146948154096471,-0.136153334335834,-0.116705480172425,0.0780977249031469,-0.100582983125904,-0.0544106210823229,0.124984084176199,0.132392516890589,0.179645366585904,-0.088196242741342,0.245075629308024,0.256949102580721,-0.155133994240544,-0.0619817366323431,-0.122830288434678,0.0599535659892202,0.248408971102059,0.255155351669437,0.248723081293878
"work_rate_HM",0.00990555100600342,0.0221551088857293,0.000950007539724281,-0.0173884450931095,-0.00981292865080005,-0.0012508929635932,-0.00214594955103298,0.0110189964663726,-0.0303150858615849,0.0269572067914216,0.00943654222875903,0.0022325837727126,0.0262609965761357,-0.0120329987820001,-0.017662967685411,-0.017198528114428,0.0403655151563757,0.00644953152180423,-0.117750832881329,0.0943027049461602,0.0456846775959894,0.0287096526996294,-0.0614172882034811,-0.0516853771560969,-0.120826793883584,-0.0405941628972956,-0.0113806414960916,-0.0452950885772918,-0.084533293515058,1,-0.236066943596285,-0.00250131409682501,-0.00928943717294936,0.0327172623438349,0.0202992956813102,0.196762072930087,-0.0355412636954946,0.000954825510278987,0.176880504878044,0.117482080468442,0.105817461291465,0.0866524648703956,-0.0499446007771063,0.0873472311378389,0.0519232295942394,0.0558087823005115,0.0786397218881761,-0.00392634164270142,0.0403895537837713,0.110444942244148,-0.0598377872908813,-0.120588162601415,-0.0597755665572275,0.132792963471491,-0.157890235263963,-0.245224896964175,0.149807637244059,0.0887848977096616,0.171884306326156,0.034327889326093,-0.248665961936326,-0.26415844288657,-0.262994244007286
"work_rate_HH",-0.243856700094874,-0.171802595226839,0.00238961729646192,-0.0252424652632696,-0.103044578681955,-0.12708298657982,-0.121008224518614,-0.00746376591248725,0.112619415270854,-0.089701538409424,-0.056843508708808,-0.0322274643336469,-0.0170423638336426,-0.00576648414017714,0.0104081053958775,0.0630135461074435,-0.0875310355952407,-0.0145818858835998,0.146118982945531,-0.104356771560697,-0.0853796320964833,-0.026367568602339,-0.240051817887687,-0.20201427167259,-0.472256141059174,-0.158663836912493,-0.0444816721769553,-0.177037584569656,-0.330401607981984,-0.236066943596285,1,-0.122900324320926,-0.0982874007690046,0.0456329908645217,-0.137702450941108,-0.154281818623514,-0.120542898140222,-0.129700189602119,-0.155610718820113,-0.152210387079165,-0.148083186840796,-0.112457442672058,-0.0861124082255264,-0.167303887097442,-0.120098456790294,-0.129138556542476,-0.125226970561511,-0.203590177651931,-0.061783708699251,-0.177776500582049,-0.109925630246043,-0.212958999625265,-0.095457539252024,-0.163433180009514,-0.136095580346816,-0.0228910114846639,-0.173284336450088,-0.134561656610892,-0.130699595158622,-0.212869063353681,-0.0117613220642104,0.00338286667421866,0.0111692718199554
"release_clause_euro",0.587841146650928,0.0744230495257728,0.0223222813267541,0.0518634118327496,0.536870524987765,0.994715926748553,0.865391071939775,-0.00808172499052506,-0.474198979039797,0.240679811360212,0.411942532494972,0.325487361975023,0.215849675399434,-0.00568731526790352,-0.0636463350074309,-0.080989200688685,0.148022308124243,0.0760780547212856,-0.228047838435857,0.0411938517673697,0.350769495012476,0.191846221532185,0.108885234201211,0.0300467792742597,0.0826579516818631,-0.0193350024974743,-0.0138566002019452,-0.0358445260568298,0.0251248963388799,-0.00250131409682501,-0.122900324320926,1,0.551909822722534,-0.0797849412312579,0.278621333667571,0.274051863662713,0.222525956074445,0.423640305705941,0.307581117765121,0.352021619351349,0.308222482875459,0.274904317917284,0.326978713262096,0.442106529223128,0.162513293657899,0.162700733077748,0.184617841107035,0.516204742164847,0.105674879304314,0.323244478667372,0.0964804023181766,0.243882282325273,0.110077954944633,0.304605456207599,0.18122166869087,0.124741846182656,0.29750699645472,0.348592921009085,0.258994729630918,0.465223623103213,0.123548198205498,0.0960399896073569,0.0730029496836462
"club_rating",0.620425189344681,0.0127103364810081,0.0267266349071854,0.0523021742461274,0.688466053129502,0.547379016752369,0.55406365618551,-0.0392599952015252,-0.40464173163742,0.29494866386724,0.252029328736871,0.13603306135398,0.045287223418286,-0.00906574758561993,-0.0530122609555125,-0.0489362359426563,0.103771184958808,0.0509052071561161,-0.289271075790348,0.166945354859977,0.242860906781227,0.089117048798781,0.0740641638157163,0.0122249885531954,0.0621501565807638,0.00914841976644721,-0.025463047950832,-0.0236904908128653,0.0347693569318178,-0.00928943717294936,-0.0982874007690046,0.551909822722534,1,0.0643970714127842,0.298765908045643,0.210817074077247,0.286720116340244,0.473661017154923,0.267746933113455,0.35962583191727,0.299674317395065,0.24112002115369,0.358360945213499,0.467443825882481,0.112719143948803,0.119458390836253,0.124953092888668,0.531819901827693,0.0613638107341581,0.330854457943329,0.0803108693824931,0.147673983624261,0.0947865277875568,0.273794200856487,0.225579290515884,0.20363946568097,0.253239844653778,0.313929620697348,0.240703935798778,0.468610557841879,0.202565973067308,0.189135776336743,0.17710517482759
"club_jersey_number",-0.200637472547827,-0.238049204699216,-0.0377493860857486,-0.0999749318165583,0.0169963564573618,-0.0833016433530253,-0.0790996914257325,0.0143488243966472,0.057339087696722,-0.044916513803056,-0.0254343539160228,-0.027377110658613,-0.0123301567282151,-0.0144516538340866,0.016705828856094,0.0119911100148903,-0.0277256254480351,-0.0105185074304694,0.0281760176722407,-0.0213515070055933,-0.0130787865884956,-0.0084663061550088,-0.0382405569774416,0.0186829258147554,-0.00762248377366118,-0.013675054553583,-0.000719741787742424,-0.0192988684059766,-0.0535096917854117,0.0327172623438349,0.0456329908645217,-0.0797849412312579,0.0643970714127842,1,-0.0936351896691401,0.00688692269143353,-0.121926458896316,-0.13921357397717,-0.0210876271655512,-0.0242950892223626,-0.0612930151250974,-0.073725105208976,-0.142201477524466,-0.101168015138542,0.0316559542967034,0.021461852496047,-0.0183392282313204,-0.176183781388128,0.0266615856046004,-0.0607547397164281,-0.103867511592985,-0.167467199459494,-0.154928088956972,-0.0489744976898441,-0.171771429335592,-0.172741452762172,-0.0123439415659613,-0.0688456776307252,-0.0153887027995701,-0.17470546943992,-0.165331352948869,-0.148589055136257,-0.134533714580957
"crossing",0.500779885659461,0.267983385439307,-0.272571143538043,-0.252672947990591,0.266448424929398,0.284941690952514,0.271814961319316,-0.191783191139451,-0.265075292349694,0.211092680617591,0.134086823948502,0.0776934852178528,0.0330418545606502,0.00103911569261507,-0.120482497039925,-0.0717964398811293,0.197827158388324,0.0657454698566786,-0.538995217475508,0.410768231658597,0.264850369306145,0.0814898670840386,0.130278903140682,0.0517759198861535,0.230227204020389,-0.12599936034571,-0.00698327177948716,-0.157909374785556,-0.0630970915275757,0.0202992956813102,-0.137702450941108,0.278621333667571,0.298765908045643,-0.0936351896691401,1,0.420738741312844,-0.126843508832726,0.630519608230823,0.475118355786534,0.715749664996132,0.718648722170126,0.619157512678096,0.59258444769036,0.686083024294954,0.438584361136911,0.391718228942158,0.54565536380506,0.468973919223444,0.437597656589822,0.465881241889447,-0.0287064427811841,0.359632485471524,-0.170275206740829,0.555246037684047,0.108110480342416,0.128048055087167,0.59386640625373,0.64834607287377,0.378857417956139,0.476364803963372,0.095232957018234,0.0876354043474455,0.0819024319259796
"finishing",0.383452713024651,0.151197911767089,-0.155900598314397,-0.128655635407383,0.255950453499362,0.281033754577333,0.238442608664625,0.0303518790517566,-0.215081030998588,0.157317064454279,0.13018066199652,0.0721317979916953,0.0444431251494448,-0.0146816707894957,-0.209180081332082,-0.042390723046909,0.251443350015522,0.0740227972993803,-0.58054625031864,0.445240889546211,0.28228128300125,0.0759189095611659,0.116401472226377,0.186844796497494,0.199583344677468,-0.16604615201223,0.0234068608410815,-0.200100312799626,-0.166695403606682,0.196762072930087,-0.154281818623514,0.274051863662713,0.210817074077247,0.00688692269143353,0.420738741312844,1,0.00417563054201447,0.410245512261891,0.818695628093782,0.709639133609314,0.619828229087484,0.543484798578255,0.230047728583393,0.653940569473,0.375289142001303,0.347932752662161,0.484831741320943,0.357408199927037,0.315664938726614,0.709448932658292,-0.0611203769586237,0.128650896182734,-0.119177883113182,0.804696962227079,-0.191521612710713,-0.48713053192502,0.819196941467167,0.662841060453232,0.746441688032768,0.422922791813524,-0.496398536992147,-0.552228683002546,-0.579174687531014
"heading_accuracy",0.476425593501883,0.353994902481202,0.330644860729306,0.521116765985137,0.223915215550547,0.227939184221133,0.23983311975338,0.0689527195077784,-0.2484732583678,0.200342461450063,0.124505953941531,0.0638759335219772,0.030829549462157,0.00581408239417078,0.00681353673144775,-0.00439943009365446,0.00443125781569999,-0.0201816574514662,0.0992160876609811,-0.0805212615589641,-0.0379025323681053,-0.0174790678444203,0.0384567389978856,-0.00222215858524751,-0.0480464879187399,0.107849313937168,0.00418073563017272,0.098102493877023,0.142611022227281,-0.0355412636954946,-0.120542898140222,0.222525956074445,0.286720116340244,-0.121926458896316,-0.126843508832726,0.00417563054201447,1,0.147680391884418,0.0664610964947419,-0.12628431028607,-0.0861290767019402,-0.0674887198677682,0.0737268367002144,0.08091019792819,-0.334084909976211,-0.238169232000745,-0.340175283897954,0.417725806373455,-0.460459779389834,0.190024588170887,0.366516023240107,0.166262082647646,0.649328612476756,0.035481834181855,0.468542496678523,0.292940723216531,-0.0239060035239208,-0.0693903441329114,0.114691133044012,0.35227070478776,0.278595160571422,0.263010089247224,0.241000117506482
"short_passing",0.730536634819492,0.314222155079688,-0.106141609253352,-0.0687446773370366,0.489972241425353,0.430954147111932,0.393244577289594,-0.0342786054030582,-0.359960425954722,0.277866970869841,0.200245555074428,0.105797441822221,0.0378298079083466,-0.00757371355861565,-0.1556906812585,-0.0427863177259107,0.198597263786597,0.0635546999199602,-0.4940426275073,0.36125352385475,0.2736054122043,0.0788625147650451,0.132373467836823,0.0164965347816256,0.0988916602144003,-0.039116834668497,-0.0044562235658661,-0.100156469652497,0.0497783658858903,0.000954825510278987,-0.129700189602119,0.423640305705941,0.473661017154923,-0.13921357397717,0.630519608230823,0.410245512261891,0.147680391884418,1,0.473613443687271,0.645151045635828,0.616158254657037,0.583605171763808,0.845767310610153,0.806861173429375,0.173239919535138,0.14374572413549,0.363257669495293,0.668422601481653,0.253537269454892,0.568058083097666,0.0340879842055139,0.384923475913419,0.0594622397481233,0.585089715244856,0.309228613368335,0.284892971894795,0.510367083569924,0.728255429663201,0.393198000992712,0.685038667402475,0.250220069578637,0.232984807020319,0.200629534886276
"volleys",0.457425157469992,0.25098520494154,-0.131721824495265,-0.0841749307160876,0.267182444602861,0.318741702129104,0.287702453265714,0.0166252215758365,-0.305566353152755,0.231898446568068,0.172221953796629,0.0982560812138814,0.0478197298820659,-0.0101368424805292,-0.183868155355253,-0.0782198162564711,0.27177143023009,0.0721201924706846,-0.567266738310372,0.420239202706446,0.301426916483223,0.0961868989899738,0.121188776128644,0.156368439816265,0.170102405533169,-0.13492642065595,0.0261873088816293,-0.163425691484761,-0.133250947719352,0.176880504878044,-0.155610718820113,0.307581117765121,0.267746933113455,-0.0210876271655512,0.475118355786534,0.818695628093782,0.0664610964947419,0.473613443687271,1,0.67375352361605,0.693195558185834,0.620444777709433,0.317786223545967,0.659606238927071,0.309712909595423,0.279935505775536,0.44816978261111,0.437765391533814,0.294409823737058,0.734412657370401,-0.0228821453433572,0.152345870499408,-0.0662308544471382,0.788747451100577,-0.0617566990043279,-0.335391864624733,0.74763374401105,0.66387761421705,0.73476465628933,0.50850217496143,-0.354880430795931,-0.401902715486855,-0.430204975993655
"dribbling",0.525977224703876,0.112993895672354,-0.259594243933712,-0.277421842525155,0.413664183739635,0.358630278989894,0.313539637182687,-0.0811374291525018,-0.268765344948301,0.199865751100502,0.163363552045259,0.0776799344563629,0.0405022113364354,-0.0157488620788569,-0.182933865270681,-0.0622969293647833,0.247347418885429,0.0826355029188911,-0.701736011870785,0.532668892757911,0.348614662088181,0.108725674918464,0.132638546122506,0.129490542107485,0.244380672358197,-0.171408461112217,-0.00381653080825398,-0.228024659530772,-0.119774574226044,0.117482080468442,-0.152210387079165,0.352021619351349,0.35962583191727,-0.0242950892223626,0.715749664996132,0.709639133609314,-0.12628431028607,0.645151045635828,0.67375352361605,1,0.734142680547173,0.600653374385326,0.500371002557464,0.854591913193755,0.553890739445244,0.500453804958035,0.663054431105714,0.486209776705166,0.495885596794113,0.617595153874082,-0.0585823147992111,0.286555898170208,-0.227508800769058,0.726037943560223,-0.0499718721627064,-0.184554184997993,0.794780239850652,0.764036493762166,0.566326245503977,0.517767843790603,-0.206183862570351,-0.237714051214946,-0.252063855472138
"curve",0.50734682702326,0.265060046517333,-0.220103478303464,-0.197017677915622,0.300758322235227,0.316430525049335,0.291097086287311,-0.12480276678571,-0.303200243033699,0.23639036646528,0.162731454401113,0.0894739611027169,0.0405089987811782,-0.00257496402887693,-0.157648514866614,-0.0900233995632425,0.256471417170979,0.079247807760406,-0.604601493129156,0.448803227786224,0.319686701367959,0.101227186865769,0.119812121763443,0.105233995726066,0.203069218292931,-0.125494328436335,0.00672168507879754,-0.154387093336298,-0.107078212301216,0.105817461291465,-0.148083186840796,0.308222482875459,0.299674317395065,-0.0612930151250974,0.718648722170126,0.619828229087484,-0.0861290767019402,0.616158254657037,0.693195558185834,0.734142680547173,1,0.787786194767586,0.542594101895479,0.725833632006323,0.367051587760202,0.312562250591596,0.536630334766122,0.477572875471401,0.40939326938505,0.656369656092243,-0.0480033787977631,0.262229297977501,-0.15536495558427,0.733667606133821,0.0372793518803461,-0.0690070504762755,0.680591039912205,0.733715454623222,0.59648079238642,0.546570176673435,-0.102320439993173,-0.126749273784172,-0.146214410817054
"freekick_accuracy",0.459348614951216,0.309918285157883,-0.189610382391111,-0.153470765332204,0.231383834063741,0.283924719110429,0.257529684114523,-0.113866714085675,-0.277262162411047,0.216134556531531,0.145178994163522,0.088220633023052,0.0448988823087023,0.00110103037359737,-0.151860077494577,-0.0789292169608849,0.239163276414815,0.0679194754071728,-0.511209137877509,0.373243909424442,0.282835226615094,0.0875866921183507,0.092982101548711,0.0868904697978119,0.138704724070063,-0.0961406767647421,0.0080595676046894,-0.122438617536029,-0.0691800765013459,0.0866524648703956,-0.112457442672058,0.274904317917284,0.24112002115369,-0.073725105208976,0.619157512678096,0.543484798578255,-0.0674887198677682,0.583605171763808,0.620444777709433,0.600653374385326,0.787786194767586,1,0.555020841111775,0.629109196917786,0.221251431920665,0.165085428981389,0.412227623886662,0.43839358185569,0.327651655674749,0.6221659154496,-0.0676122676742453,0.220576720267517,-0.1149320657821,0.701450570892588,0.07542679039071,0.000514727737602154,0.567088927469703,0.684968338917294,0.594803918314527,0.503390835510632,-0.0420820905435515,-0.0563650675610707,-0.0817308317500043
"long_passing",0.59381788343138,0.311554125233809,-0.107736083205963,-0.0792354750839915,0.357668768738593,0.333643182304678,0.308818356046124,-0.053988598978336,-0.301175393570504,0.237392336298431,0.157471137274722,0.0898414728754231,0.0306726421194888,-0.00023996659125142,-0.11845374766247,-0.0324566148167826,0.149139200106991,0.0517253866955376,-0.37344147590197,0.275187558294126,0.201878910016518,0.0617154837163902,0.110084516643522,-0.0252486963830055,0.0463662873129587,-0.0142719540158273,-0.00347636001516854,-0.055067467498069,0.0900616327962925,-0.0499446007771063,-0.0861124082255264,0.326978713262096,0.358360945213499,-0.142201477524466,0.59258444769036,0.230047728583393,0.0737268367002144,0.845767310610153,0.317786223545967,0.500371002557464,0.542594101895479,0.555020841111775,1,0.642979012695675,0.0749009593485691,0.0442369878097746,0.27296883355319,0.544456257902319,0.211024172062106,0.455717702740415,0.00942965731676101,0.354465934865311,0.0494107776497478,0.472931988785773,0.35165076561004,0.424331634014599,0.33531034131115,0.656382712599982,0.24865692741126,0.590012702260715,0.377520493592185,0.383299027756633,0.359354568310189
"ball_control",0.725017449867826,0.262372696434843,-0.161353412098876,-0.132540957226202,0.510546720638969,0.450551303306515,0.405882658534158,-0.0528721237299641,-0.35871631255963,0.272017362832828,0.205323520902828,0.110839826110124,0.0497695080955349,-0.017958567256795,-0.197371395153313,-0.0530397104985014,0.251338901495318,0.0804795607903438,-0.6620528971463,0.490788570628658,0.35133469459649,0.111304280610294,0.132684291434017,0.100831180778068,0.186237646158947,-0.108266329088726,-0.00368766635150868,-0.173388386605449,-0.0436649872634871,0.0873472311378389,-0.167303887097442,0.442106529223128,0.467443825882481,-0.101168015138542,0.686083024294954,0.653940569473,0.08091019792819,0.806861173429375,0.659606238927071,0.854591913193755,0.725833632006323,0.629109196917786,0.642979012695675,1,0.372681783288088,0.336664429649499,0.541187494220404,0.654913316984425,0.365508968819179,0.678273064905624,0.0148371957996777,0.350820401859346,-0.0349807021574967,0.72873598679389,0.129588086779289,0.0022168965053906,0.725288779018913,0.782591269304841,0.564165239272283,0.689959630080983,-0.0247339528987291,-0.0634270829833259,-0.092527644900195
"acceleration",0.154514727553386,-0.204873121538036,-0.318234097488464,-0.418389939076023,0.232660296738435,0.164439508711943,0.107824792202558,-0.0653695391859403,-0.00488952092593621,-0.0195924808139637,0.0389183902964709,0.0180610149856587,0.0227803004459215,-0.0105683964344667,-0.0847077450490334,-0.056833906320516,0.147939009124813,0.0491086488785449,-0.428669596650253,0.316369078680001,0.229946117351884,0.0740504215372867,0.100081207746502,0.112852584726407,0.278579374638634,-0.153219392351989,-0.0239469888253665,-0.211290587160813,-0.146948154096471,0.0519232295942394,-0.120098456790294,0.162513293657899,0.112719143948803,0.0316559542967034,0.438584361136911,0.375289142001303,-0.334084909976211,0.173239919535138,0.309712909595423,0.553890739445244,0.367051587760202,0.221251431920665,0.0749009593485691,0.372681783288088,1,0.877469646266004,0.734125924635758,0.113275534919882,0.591437544452525,0.211419421992766,0.0564045184310284,0.273655020746432,-0.380841450153697,0.305175853802582,-0.232506146681111,-0.276179138397006,0.451394881954167,0.309388779100441,0.211053226323168,0.0871113777545087,-0.270954935803227,-0.292371169764696,-0.274587037780817
"sprint_speed",0.173652071221094,-0.19946504841186,-0.235997565513734,-0.31287099980689,0.238248768512593,0.164898864456486,0.11219325565318,-0.0618323392488513,-0.00226534381765357,-0.0228438047222851,0.0405961708289568,0.0169460284724944,0.0182538038094838,-0.00696222525735116,-0.0714623389442652,-0.0506947745493834,0.128555928610908,0.0401241472695474,-0.380665974903397,0.28419205553529,0.197358314821993,0.0659648001049702,0.100184282780464,0.106124671371583,0.274497952002787,-0.152207784767585,-0.0201006717714206,-0.195010186049376,-0.136153334335834,0.0558087823005115,-0.129138556542476,0.162700733077748,0.119458390836253,0.021461852496047,0.391718228942158,0.347932752662161,-0.238169232000745,0.14374572413549,0.279935505775536,0.500453804958035,0.312562250591596,0.165085428981389,0.0442369878097746,0.336664429649499,0.877469646266004,1,0.652221351089908,0.11515672352683,0.478954028935522,0.211838892133403,0.0811156506255134,0.291318496722792,-0.265658540634249,0.267402976943386,-0.188229555926059,-0.261699286468024,0.41274678908974,0.257708252499607,0.18224702041118,0.0911280389699503,-0.250581525861514,-0.272922411834168,-0.255574371461725
"agility",0.252946526413537,-0.010434107792269,-0.368230081955584,-0.491924281603329,0.208215704715491,0.19012304345923,0.14877096683215,-0.0588084008482911,-0.0852622616571488,0.0538143180049694,0.0626367384803404,0.0389334695083105,0.0291961348788111,-0.00734264627343428,-0.14249126876992,-0.0478931602031489,0.192009376587121,0.0618405114132944,-0.520948767891905,0.387875759473834,0.272131349590753,0.0908620206484197,0.103050890168811,0.113758171447619,0.237139591425797,-0.138846592129225,-0.0214576616252354,-0.210341781848524,-0.116705480172425,0.0786397218881761,-0.125226970561511,0.184617841107035,0.124953092888668,-0.0183392282313204,0.54565536380506,0.484831741320943,-0.340175283897954,0.363257669495293,0.44816978261111,0.663054431105714,0.536630334766122,0.412227623886662,0.27296883355319,0.541187494220404,0.734125924635758,0.652221351089908,1,0.244302851772791,0.710898021810358,0.340312652799922,0.0682914738790927,0.290265074093461,-0.424273227587077,0.472193229978853,-0.166565076235229,-0.221680281297603,0.55967502172991,0.517470813491878,0.335188925565248,0.259412131391283,-0.233981288507708,-0.266220837382045,-0.262178659310157
"reactions",0.854494884688974,0.465631246544443,0.00859175280710309,0.118660989407977,0.496965958630372,0.527284127970963,0.488272948750006,-0.0115486956830242,-0.444327391194414,0.338741296290859,0.252176347340745,0.134536675717041,0.0596180188699935,-0.00229277031719124,-0.100209816412832,-0.0791473304056399,0.187751130401272,0.0625166645435404,-0.393105199706018,0.256067466017397,0.276300722947532,0.091299561189408,0.148555979948625,0.0376257983035484,0.107271816044108,0.0135577350004672,-0.00630634861694214,-0.046457317666952,0.0780977249031469,-0.00392634164270142,-0.203590177651931,0.516204742164847,0.531819901827693,-0.176183781388128,0.468973919223444,0.357408199927037,0.417725806373455,0.668422601481653,0.437765391533814,0.486209776705166,0.477572875471401,0.43839358185569,0.544456257902319,0.654913316984425,0.113275534919882,0.11515672352683,0.244302851772791,1,0.1024508544017,0.512463741952202,0.215783904664934,0.446941675845825,0.280139601423217,0.489280237264755,0.447529567723066,0.341312360316154,0.45998553297706,0.533740334058608,0.378557470099103,0.748246780019577,0.289319554542015,0.252683558445941,0.217192927415328
"balance",0.0686752134092521,-0.0883310456486227,-0.475064552499864,-0.647428463678551,0.1192015193574,0.10741594756646,0.0784243090315259,-0.0511284928881863,-0.039921488085156,0.0209686101348747,0.0373779958333086,0.019767546583105,0.0111338815366717,-0.0103624413341052,-0.0994321251888642,-0.0347882470062968,0.131742090726902,0.0576502147090262,-0.381145036011545,0.285036976590633,0.197700623502326,0.0614640104155687,0.0731627993846594,0.0641444443822914,0.178375919250076,-0.114418336383254,-0.021697419175425,-0.162192533782087,-0.100582983125904,0.0403895537837713,-0.061783708699251,0.105674879304314,0.0613638107341581,0.0266615856046004,0.437597656589822,0.315664938726614,-0.460459779389834,0.253537269454892,0.294409823737058,0.495885596794113,0.40939326938505,0.327651655674749,0.211024172062106,0.365508968819179,0.591437544452525,0.478954028935522,0.710898021810358,0.1024508544017,1,0.183940987465766,0.0431081328083737,0.15934523238721,-0.590944597734092,0.314893624064159,-0.206292126147789,-0.170767414419597,0.388583610690828,0.391123323189806,0.225763411436891,0.119390447585385,-0.177021277912571,-0.192990954536622,-0.176163166199797
"shot_power",0.568725548688077,0.308593060902894,-0.0542975501614931,0.0463347160517883,0.328167905318258,0.33337425397569,0.309777799704553,-0.00339097380844979,-0.317132786315065,0.257201054027571,0.155404057551328,0.0836846548296721,0.0369194495668468,-0.00359453886961263,-0.16559578928792,-0.0598219175818349,0.229608939580018,0.0666736733030938,-0.512311958494981,0.393123948596811,0.247269755385683,0.0727136677009221,0.134709300461492,0.116794050350078,0.154328200042522,-0.093116122528773,0.0265037134438959,-0.12684803798809,-0.0544106210823229,0.110444942244148,-0.177776500582049,0.323244478667372,0.330854457943329,-0.0607547397164281,0.465881241889447,0.709448932658292,0.190024588170887,0.568058083097666,0.734412657370401,0.617595153874082,0.656369656092243,0.6221659154496,0.455717702740415,0.678273064905624,0.211419421992766,0.211838892133403,0.340312652799922,0.512463741952202,0.183940987465766,1,0.0423020074685459,0.252987900616265,0.116543974861599,0.826570834055397,0.150727765612941,-0.126835396093175,0.653988906611006,0.649065720642315,0.6547082108374,0.577229948699537,-0.146898230150563,-0.189667973049135,-0.219658463395566
"jumping",0.232595991313719,0.190856998784865,0.0349063296309837,0.108164952403654,0.0641888212383316,0.101163621477099,0.10920647770633,0.0551106842030646,-0.110106573055665,0.0884656894565457,0.0582200346912387,0.0236647084708471,0.00978485899997829,-0.000933215648653459,0.000500416824858641,-0.0100832246542041,0.0175027904492213,-0.01457199200047,0.046600763030721,-0.02729570070481,-0.0385908211749367,-0.0131008189738619,0.0703136181545947,-0.00893153113225535,0.0105352587093924,0.0575636204397622,-0.0174269332364486,0.0167305533613155,0.124984084176199,-0.0598377872908813,-0.109925630246043,0.0964804023181766,0.0803108693824931,-0.103867511592985,-0.0287064427811841,-0.0611203769586237,0.366516023240107,0.0340879842055139,-0.0228821453433572,-0.0585823147992111,-0.0480033787977631,-0.0676122676742453,0.00942965731676101,0.0148371957996777,0.0564045184310284,0.0811156506255134,0.0682914738790927,0.215783904664934,0.0431081328083737,0.0423020074685459,1,0.281074003615581,0.282744875683573,-0.0163878907742736,0.323271672518944,0.219864592480508,-0.0311634286427439,-0.0652887040165632,-0.0277056988724079,0.160267823856818,0.205375733745263,0.187622584467404,0.189829924100176
"stamina",0.468112458980671,0.23305542272556,-0.0550500765991086,0.023754497229513,0.198267296161574,0.253087317856836,0.209528188556138,-0.0179095016292525,-0.104818910346711,0.0696081966961106,0.0764444511722522,0.0386514662099355,0.01785048621905,0.00498716575723978,-0.0409230314898174,-0.045018063582319,0.0943880453341846,0.01956694941834,-0.210939971207635,0.167271068378222,0.0907249312448148,0.0291116057973195,0.242157345829415,-0.0320446843651869,0.147962908883129,-0.0022138976907556,-0.0243332894812718,-0.0784839848210427,0.132392516890589,-0.120588162601415,-0.212958999625265,0.243882282325273,0.147673983624261,-0.167467199459494,0.359632485471524,0.128650896182734,0.166262082647646,0.384923475913419,0.152345870499408,0.286555898170208,0.262229297977501,0.220576720267517,0.354465934865311,0.350820401859346,0.273655020746432,0.291318496722792,0.290265074093461,0.446941675845825,0.15934523238721,0.252987900616265,0.281074003615581,1,0.250162818538631,0.262647142978415,0.391830885009106,0.357549691423207,0.272597907076697,0.299423356960312,0.0900333909491086,0.371240343930408,0.319788953335689,0.308089467656298,0.286745915524001
"strength",0.351161409391646,0.365790263539961,0.386572083383979,0.724265824215476,0.0521248035987626,0.116445707237064,0.12860214101927,0.0604555461790777,-0.13717144475524,0.117762859574897,0.0549530899019182,0.0369138642222153,0.00962427282338978,0.00598658331187714,0.0388139712863655,-0.00666388415443879,-0.0225349313805997,-0.0309294910863273,0.164808289093463,-0.124987687048327,-0.0824515438916795,-0.0241371988625378,0.0540459886345612,-0.0515284950454903,-0.0858331976051751,0.104255036833705,0.0246434442338369,0.112409724125983,0.179645366585904,-0.0597755665572275,-0.095457539252024,0.110077954944633,0.0947865277875568,-0.154928088956972,-0.170275206740829,-0.119177883113182,0.649328612476756,0.0594622397481233,-0.0662308544471382,-0.227508800769058,-0.15536495558427,-0.1149320657821,0.0494107776497478,-0.0349807021574967,-0.380841450153697,-0.265658540634249,-0.424273227587077,0.280139601423217,-0.590944597734092,0.116543974861599,0.282744875683573,0.250162818538631,1,-0.0415079939092779,0.521720211457839,0.35035811869252,-0.133773661295384,-0.127511168497799,-0.0390327929500265,0.262884553442155,0.334995898378535,0.330459113733961,0.293058287561271
"long_shots",0.511091793048947,0.28359067748251,-0.16242829260645,-0.0985894297619841,0.28278946022657,0.313758589066304,0.282312767197891,-0.0181195690220491,-0.278169656918485,0.220059971404645,0.14391706634981,0.0788719711433776,0.0402419499565682,-0.00516254927417519,-0.198885405335783,-0.0525097072691746,0.252119475004779,0.0755902464579428,-0.58342592054614,0.447557474732153,0.282256794255548,0.0812410564038154,0.132729053004299,0.131483754811263,0.177310528470049,-0.128473463371363,0.0180776545882222,-0.168763287722795,-0.088196242741342,0.132792963471491,-0.163433180009514,0.304605456207599,0.273794200856487,-0.0489744976898441,0.555246037684047,0.804696962227079,0.035481834181855,0.585089715244856,0.788747451100577,0.726037943560223,0.733667606133821,0.701450570892588,0.472931988785773,0.72873598679389,0.305175853802582,0.267402976943386,0.472193229978853,0.489280237264755,0.314893624064159,0.826570834055397,-0.0163878907742736,0.262647142978415,-0.0415079939092779,1,0.0248384315745367,-0.193092437810353,0.75936061349255,0.749324900716229,0.692642824099397,0.543468651151466,-0.224680135608444,-0.268934639167456,-0.300795693226689
"aggression",0.455345294189505,0.399990497368531,0.149561862788347,0.319806614721924,0.150991982963973,0.186410022119177,0.202988873269536,0.0157005710585809,-0.227279280646539,0.197033848191603,0.0954353988618011,0.0433055134518575,0.00982212570170684,0.00851101845815142,0.029766450149029,-0.0252204947846542,0.010024045930859,-0.0286237636013563,0.0616046380858867,-0.0520750569568421,-0.0211794557389719,-0.00266720048632014,0.145849247033469,-0.113789044128426,-0.0291963264467124,0.106434224159397,-0.00833357874008315,0.0709576732038543,0.245075629308024,-0.157890235263963,-0.136095580346816,0.18122166869087,0.225579290515884,-0.171771429335592,0.108110480342416,-0.191521612710713,0.468542496678523,0.309228613368335,-0.0617566990043279,-0.0499718721627064,0.0372793518803461,0.07542679039071,0.35165076561004,0.129588086779289,-0.232506146681111,-0.188229555926059,-0.166565076235229,0.447529567723066,-0.206292126147789,0.150727765612941,0.323271672518944,0.391830885009106,0.521720211457839,0.0248384315745367,1,0.656885657080013,-0.0680749032011923,0.069001058757141,-0.0854073464914629,0.380588132997954,0.592477117862151,0.62839059689401,0.603260738346317
"interceptions",0.331697163857187,0.280965764891009,0.0958531148671695,0.178482131868963,0.123804257948669,0.125928566377799,0.147837870344727,-0.0528661123609995,-0.151392766675725,0.130380541689122,0.067937247531327,0.0311432253639046,-0.0198016176364267,0.00871611747690941,0.0790395717884305,-0.00422683389902591,-0.070626349582061,-0.0230598499186436,0.164661147943579,-0.122587209952313,-0.0860577865468241,-0.028649539961765,0.0839796055155163,-0.190559770926969,-0.0903171196322948,0.140663679387709,-0.0305778729749516,0.125774410881335,0.256949102580721,-0.245224896964175,-0.0228910114846639,0.124741846182656,0.20363946568097,-0.172741452762172,0.128048055087167,-0.48713053192502,0.292940723216531,0.284892971894795,-0.335391864624733,-0.184554184997993,-0.0690070504762755,0.000514727737602154,0.424331634014599,0.0022168965053906,-0.276179138397006,-0.261699286468024,-0.221680281297603,0.341312360316154,-0.170767414419597,-0.126835396093175,0.219864592480508,0.357549691423207,0.35035811869252,-0.193092437810353,0.656885657080013,1,-0.309768005131598,-0.039815508215557,-0.33859662650553,0.243162406824587,0.86223742295247,0.927654424626412,0.909926653931706
"positioning",0.444550874748723,0.191285406752515,-0.217805300331229,-0.191171724645862,0.273562158511244,0.305457273097477,0.268049911699716,-0.0300089936294025,-0.24740933622427,0.187802574622545,0.140211590762144,0.0758407583703876,0.043652462521076,-0.0100966400811971,-0.184636144441995,-0.0530756966216173,0.240665217507166,0.0693815375788009,-0.612735230486441,0.475450739701704,0.286557193977479,0.0794835287904984,0.159149216314365,0.153449814572009,0.254790025014478,-0.182856146985558,0.0137907206921905,-0.229389265181533,-0.155133994240544,0.149807637244059,-0.173284336450088,0.29750699645472,0.253239844653778,-0.0123439415659613,0.59386640625373,0.819196941467167,-0.0239060035239208,0.510367083569924,0.74763374401105,0.794780239850652,0.680591039912205,0.567088927469703,0.33531034131115,0.725288779018913,0.451394881954167,0.41274678908974,0.55967502172991,0.45998553297706,0.388583610690828,0.653988906611006,-0.0311634286427439,0.272597907076697,-0.133773661295384,0.75936061349255,-0.0680749032011923,-0.309768005131598,1,0.736025893000372,0.652689943519085,0.476410511409901,-0.339675637124957,-0.381108266554951,-0.403347175870035
"vision",0.534078753846652,0.244220605948082,-0.20525193376448,-0.1978657180208,0.349447266524113,0.356934493716075,0.318603690054558,-0.0230627774070526,-0.306247156014974,0.232413693469505,0.172775286030289,0.100353909102198,0.041076650726985,-0.0122495019034869,-0.205373644033865,-0.0436125736511801,0.249879310003066,0.0705291329174079,-0.604689426832457,0.450104870518244,0.318719943891864,0.0947736151423629,0.15147626815931,0.0888594328944721,0.159086769405992,-0.132340339819043,0.0102753936644454,-0.168286174826891,-0.0619817366323431,0.0887848977096616,-0.134561656610892,0.348592921009085,0.313929620697348,-0.0688456776307252,0.64834607287377,0.662841060453232,-0.0693903441329114,0.728255429663201,0.66387761421705,0.764036493762166,0.733715454623222,0.684968338917294,0.656382712599982,0.782591269304841,0.309388779100441,0.257708252499607,0.517470813491878,0.533740334058608,0.391123323189806,0.649065720642315,-0.0652887040165632,0.299423356960312,-0.127511168497799,0.749324900716229,0.069001058757141,-0.039815508215557,0.736025893000372,1,0.573214915193268,0.60150175415425,-0.080393539565838,-0.107889295480328,-0.139738411811364
"penalties",0.400244327806284,0.260126675918562,-0.112655321941023,-0.0557351059868095,0.228063011608569,0.268038029115624,0.252219284085388,0.00932842549272287,-0.281058189377233,0.212973458865053,0.1577988334423,0.0934903556876149,0.0438023054198908,-0.00290346030260239,-0.171301168806575,-0.04780843858517,0.222945317930272,0.0570325937505649,-0.471658260561425,0.350672694464883,0.2487705900315,0.0767538519692271,0.0791200612691928,0.163353208679382,0.132661589178008,-0.107715136402412,0.0205392610460768,-0.137025555555911,-0.122830288434678,0.171884306326156,-0.130699595158622,0.258994729630918,0.240703935798778,-0.0153887027995701,0.378857417956139,0.746441688032768,0.114691133044012,0.393198000992712,0.73476465628933,0.566326245503977,0.59648079238642,0.594803918314527,0.24865692741126,0.564165239272283,0.211053226323168,0.18224702041118,0.335188925565248,0.378557470099103,0.225763411436891,0.6547082108374,-0.0277056988724079,0.0900333909491086,-0.0390327929500265,0.692642824099397,-0.0854073464914629,-0.33859662650553,0.652689943519085,0.573214915193268,1,0.445800524958223,-0.348387415129195,-0.400318412809803,-0.424929741926921
"composure",0.81064170495253,0.476690193430667,0.0203564862039272,0.117874349237296,0.466450111150176,0.476714954103481,0.446216495269078,-0.00974359741035465,-0.439065481285673,0.337020595754011,0.246665604383703,0.129391209806715,0.0549973429586182,-0.000508634278008343,-0.132916698210708,-0.0746230206711194,0.213789090876993,0.0685330123464334,-0.454964597235238,0.302237664472781,0.30859103304845,0.101218253768663,0.142205120033114,0.0570199505340459,0.105493303763984,0.00500408937619544,0.00792761581969676,-0.04443664066898,0.0599535659892202,0.034327889326093,-0.212869063353681,0.465223623103213,0.468610557841879,-0.17470546943992,0.476364803963372,0.422922791813524,0.35227070478776,0.685038667402475,0.50850217496143,0.517767843790603,0.546570176673435,0.503390835510632,0.590012702260715,0.689959630080983,0.0871113777545087,0.0911280389699503,0.259412131391283,0.748246780019577,0.119390447585385,0.577229948699537,0.160267823856818,0.371240343930408,0.262884553442155,0.543468651151466,0.380588132997954,0.243162406824587,0.476410511409901,0.60150175415425,0.445800524958223,1,0.211453337812496,0.174072044117787,0.135891807126557
"marking",0.309211215539109,0.237933920802491,0.111438642236615,0.187323260941292,0.14047418601235,0.124626095987953,0.142369392778771,-0.0509753177087082,-0.144027035016808,0.122893221661242,0.0660496712310102,0.0307941258060227,-0.016212903379652,0.0151486042017681,0.0832044588152508,0.00218650634209625,-0.0834461426791396,-0.0253536235440883,0.183035965521701,-0.136330750570724,-0.0957585734575644,-0.0308949791297304,0.0718080995881669,-0.191398945852744,-0.0876105051714214,0.140399236424646,-0.0331824118434025,0.125701984150602,0.248408971102059,-0.248665961936326,-0.0117613220642104,0.123548198205498,0.202565973067308,-0.165331352948869,0.095232957018234,-0.496398536992147,0.278595160571422,0.250220069578637,-0.354880430795931,-0.206183862570351,-0.102320439993173,-0.0420820905435515,0.377520493592185,-0.0247339528987291,-0.270954935803227,-0.250581525861514,-0.233981288507708,0.289319554542015,-0.177021277912571,-0.146898230150563,0.205375733745263,0.319788953335689,0.334995898378535,-0.224680135608444,0.592477117862151,0.86223742295247,-0.339675637124957,-0.080393539565838,-0.348387415129195,0.211453337812496,1,0.876126127931239,0.864866182764749
"standing_tackle",0.264042152950881,0.20502251350345,0.112472463954006,0.178619135316375,0.117327458892969,0.0945655957898686,0.118015013883335,-0.0613288348932288,-0.114607122273192,0.101582132875041,0.0477415203733783,0.0196519841480273,-0.0177953750813782,0.016427229484262,0.0963877336389868,0.00351232640736633,-0.0971496312029714,-0.0313536155560968,0.204827066027213,-0.151815562835998,-0.108296832162617,-0.0363032957576423,0.0701240205352846,-0.212186834134255,-0.0952074508134476,0.140950340797107,-0.0246419641332902,0.131632206797085,0.255155351669437,-0.26415844288657,0.00338286667421866,0.0960399896073569,0.189135776336743,-0.148589055136257,0.0876354043474455,-0.552228683002546,0.263010089247224,0.232984807020319,-0.401902715486855,-0.237714051214946,-0.126749273784172,-0.0563650675610707,0.383299027756633,-0.0634270829833259,-0.292371169764696,-0.272922411834168,-0.266220837382045,0.252683558445941,-0.192990954536622,-0.189667973049135,0.187622584467404,0.308089467656298,0.330459113733961,-0.268934639167456,0.62839059689401,0.927654424626412,-0.381108266554951,-0.107889295480328,-0.400318412809803,0.174072044117787,0.876126127931239,1,0.9666578734592
"sliding_tackle",0.225135502337359,0.178264470864823,0.0962534546353634,0.152459849366921,0.100865977413671,0.0709041211911918,0.100041069712814,-0.0752058463099422,-0.0962219637094173,0.0860438773524016,0.039115737782528,0.0167695720891162,-0.0195947846637462,0.0165405452869235,0.102254005321182,0.0118766208914623,-0.1134647293286,-0.0336000623495019,0.224179136499992,-0.161988651765947,-0.126344376913454,-0.0434125782797428,0.0567176017048462,-0.206855979808117,-0.0923025035097554,0.137631215492615,-0.0299146571317924,0.128970136951828,0.248723081293878,-0.262994244007286,0.0111692718199554,0.0730029496836462,0.17710517482759,-0.134533714580957,0.0819024319259796,-0.579174687531014,0.241000117506482,0.200629534886276,-0.430204975993655,-0.252063855472138,-0.146214410817054,-0.0817308317500043,0.359354568310189,-0.092527644900195,-0.274587037780817,-0.255574371461725,-0.262178659310157,0.217192927415328,-0.176163166199797,-0.219658463395566,0.189829924100176,0.286745915524001,0.293058287561271,-0.300795693226689,0.603260738346317,0.909926653931706,-0.403347175870035,-0.139738411811364,-0.424929741926921,0.135891807126557,0.864866182764749,0.9666578734592,1
